provider_id,npi,name,type,specialty,tax_id,address_line1,address_line2,address_city,address_state,address_zip,phone,accepting_new_patients,network_status,languages,rating,effective_date
PRV-00B6A7AE,1790874064,"Sarah Rogers, DO",Individual,Family Medicine,10-4655777,8108 Pine Rd,Apt 921,New York,NY,10017,(792) 274-1742,True,In-Network,English; Spanish; Vietnamese,3.1,2021-03-01
PRV-3B9396C4,1512868230,"Elizabeth Moore, PA",Individual,Family Medicine,12-6005700,2318 Lake Dr,Apt 384,New York,NY,10058,(674) 889-9920,True,In-Network,Vietnamese,3.9,2017-05-01
PRV-1980A8C7,1190790306,"Donald Clark, MD",Individual,Internal Medicine,66-4931560,3188 Cherry Ct,Apt 33,New York,NY,10088,(752) 422-1924,False,Out-of-Network,French,4.2,2020-04-01
PRV-EA700D19,1892687056,St. Marys Hospital,Facility,Hospital,77-6347476,5044 Ash Pl,,New York,NY,10062,(913) 626-7688,False,In-Network,Hindi; Vietnamese; Arabic,3.5,2017-08-01
PRV-CDB20AED,1435175183,University Lab,Facility,Lab,16-5504038,1044 Lake Dr,Suite 526,New York,NY,10077,(586) 889-1647,True,In-Network,Tagalog; Vietnamese; Hindi,3.4,2020-05-01
PRV-9DF3A216,1385467854,"Frank Clark, DO",Individual,Cardiology,43-7033835,351 Hickory Ln,,New York,NY,10071,(725) 709-8635,False,Out-of-Network,French; Vietnamese,3.7,2021-01-01
PRV-3764D2B7,1536937854,"Emily Martin, MD",Individual,Orthopedics,72-9230828,9316 Poplar St,,New York,NY,10043,(671) 372-6770,True,In-Network,Mandarin; English,4.0,2016-11-01
PRV-EE047326,1750997700,"James Ramirez, NP",Individual,Emergency Medicine,78-7901115,894 Main St,,New York,NY,10018,(212) 217-9673,True,In-Network,English; Arabic,4.6,2017-02-01
PRV-42D0878C,1615679334,"Julie Rivera, MD",Individual,Family Medicine,97-2352527,1678 Ash Pl,Suite 296,Los Angeles,CA,90077,(869) 865-1519,False,In-Network,Hindi; English; French,3.0,2017-02-01
PRV-A02FCE2F,1339740148,"Zachary Ortiz, MD",Individual,Family Medicine,82-1552000,8289 River Rd,,Los Angeles,CA,90082,(383) 522-1256,True,In-Network,Arabic; Spanish; Mandarin,3.3,2018-10-01
PRV-13FEF430,1163159996,"Nicholas Hall, MD",Individual,Internal Medicine,51-1497036,6475 Lincoln Blvd,,Los Angeles,CA,90098,(849) 479-8381,True,In-Network,Arabic; Mandarin,4.4,2021-02-01
PRV-7DC491A5,1655110475,Regional Hospital,Facility,Hospital,44-2715158,4939 Magnolia Blvd,,Los Angeles,CA,90044,(335) 289-4070,True,In-Network,Arabic; Spanish; English,3.2,2023-02-01
PRV-8C40D095,1839826224,Memorial Lab,Facility,Lab,48-5503118,9880 Washington Ave,,Los Angeles,CA,90047,(704) 349-2036,True,In-Network,Hindi; Spanish,3.7,2018-12-01
PRV-3CB154D6,1657569245,"Ronald Nelson, NP",Individual,Cardiology,87-4369728,8223 Sycamore Ave,,Los Angeles,CA,90048,(690) 521-3910,True,Out-of-Network,Hindi; Vietnamese,3.7,2019-07-01
PRV-2F7B11E0,1737416724,"Gregory Brown, PA",Individual,Orthopedics,40-5239295,6080 Cherry Ct,,Los Angeles,CA,90085,(874) 357-7932,True,In-Network,Hindi; Arabic; Korean,4.0,2021-09-01
PRV-2F367AC6,1529096561,"Richard Young, PA",Individual,Emergency Medicine,11-2654343,702 Franklin St,Suite 931,Los Angeles,CA,90086,(464) 427-9366,True,In-Network,Vietnamese; Hindi; Mandarin,3.8,2024-12-01
PRV-023400FA,1254573875,"Rebecca Hernandez, MD",Individual,Family Medicine,70-2637842,8299 Ash Pl,Apt 354,Chicago,IL,60623,(648) 939-8412,True,In-Network,Spanish; English; Arabic,3.7,2016-11-01
PRV-A3887E7B,1362266093,"Brenda Diaz, DO",Individual,Family Medicine,67-8206700,2792 Magnolia Blvd,Suite 278,Chicago,IL,60630,(598) 204-4519,True,In-Network,Spanish,4.6,2023-03-01
PRV-70B71036,1696915579,"Shirley Green, NP",Individual,Internal Medicine,32-5990296,6093 Washington Ave,,Chicago,IL,60643,(829) 804-2388,True,In-Network,Korean,3.2,2020-12-01
PRV-517FE7EF,1278282742,Chicago Health Partners,Facility,Hospital,33-6277776,2416 Meadow Ln,Suite 528,Chicago,IL,60627,(661) 834-1878,True,Out-of-Network,Mandarin; Vietnamese,4.6,2023-09-01
PRV-E14A6037,1903404384,Memorial Lab,Facility,Lab,31-8672579,8209 Lake Dr,Apt 702,Chicago,IL,60666,(779) 960-9115,True,In-Network,Korean,4.6,2020-09-01
PRV-74451D9A,1451713395,"Joshua Jones, DO",Individual,Cardiology,88-8183451,781 Hill St,Apt 560,Chicago,IL,60623,(369) 830-3281,True,In-Network,French,4.1,2024-09-01
PRV-29E3213E,1126042232,"Joyce Rogers, PA",Individual,Orthopedics,51-5153279,2858 Washington Ave,,Chicago,IL,60683,(979) 892-7434,True,In-Network,Arabic; Tagalog,3.9,2016-07-01
PRV-EE7D0E74,1175186363,"Michelle Smith, PA",Individual,Emergency Medicine,73-5505300,8547 Laurel Way,,Chicago,IL,60668,(530) 490-6533,True,In-Network,French; English,3.1,2022-01-01
PRV-AF35351E,1424154152,"Frank Taylor, PA",Individual,Family Medicine,16-7649508,2135 Spruce Ter,,Houston,TX,77064,(840) 512-4836,True,In-Network,English,3.4,2016-03-01
PRV-DF321465,1627136111,"Frank Baker, MD",Individual,Family Medicine,50-7166661,9826 Poplar St,Apt 532,Houston,TX,77011,(506) 340-7270,True,In-Network,Mandarin,3.1,2024-01-01
PRV-F832ABBD,1731121965,"Kyle Evans, NP",Individual,Internal Medicine,64-6276495,2788 Hill St,,Houston,TX,77090,(343) 453-5537,True,In-Network,Korean; English; Arabic,4.7,2019-04-01
PRV-239C9B04,1761379180,Houston Medical Group,Facility,Hospital,56-6309530,8582 Meadow Ln,Apt 194,Houston,TX,77047,(335) 596-7895,True,In-Network,Spanish; English,4.2,2015-05-01
PRV-5C23DEC1,1666188924,Good Samaritan Lab,Facility,Lab,20-6199374,3634 Maple Dr,Apt 945,Houston,TX,77074,(280) 723-4329,True,In-Network,Arabic; Spanish,3.6,2021-12-01
PRV-7395F570,1210202758,"Helen Davis, MD",Individual,Cardiology,76-5349442,4009 Cedar Ln,Apt 251,Houston,TX,77024,(370) 580-3079,True,In-Network,Spanish; English; Mandarin,4.6,2019-09-01
PRV-101ECA28,1792524191,"Angela Campbell, MD",Individual,Orthopedics,39-9536665,1146 Cypress Rd,,Houston,TX,77073,(202) 245-1201,True,In-Network,Mandarin; Tagalog,4.9,2015-09-01
PRV-493D2B1F,1518023806,"Julie Martinez, NP",Individual,Emergency Medicine,18-8802985,6970 Poplar St,Apt 330,Houston,TX,77050,(489) 992-6090,True,In-Network,French,3.4,2024-05-01
PRV-C524BCAB,1038505064,"Christopher Smith, DO",Individual,Family Medicine,23-4442590,4074 Valley Way,Apt 378,Phoenix,AZ,85035,(742) 443-7878,True,In-Network,Korean,3.2,2018-09-01
PRV-3223F606,1619906234,"Nicholas Moore, PA",Individual,Family Medicine,43-6284972,6867 Franklin St,,Phoenix,AZ,85084,(602) 917-6345,True,In-Network,Vietnamese,3.3,2024-02-01
PRV-C2AAD544,1374741124,"Jessica Morgan, MD",Individual,Internal Medicine,99-1676621,2646 Walnut Blvd,Apt 169,Phoenix,AZ,85050,(420) 535-3430,False,In-Network,Arabic; English,4.4,2019-03-01
PRV-7D201828,1121003236,Presbyterian Hospital,Facility,Hospital,57-2409947,609 Park Ave,Suite 563,Phoenix,AZ,85080,(796) 800-5240,True,In-Network,Vietnamese,4.8,2022-03-01
PRV-B8ABA427,1667066253,Mercy Lab,Facility,Lab,33-5613428,1606 Lincoln Blvd,Apt 126,Phoenix,AZ,85016,(486) 656-3435,False,In-Network,Korean,4.0,2023-08-01
PRV-1C6ECC81,1806578759,"Samuel Ortiz, MD",Individual,Cardiology,74-6395626,1099 Pine Rd,,Phoenix,AZ,85063,(597) 476-3946,False,In-Network,Korean,3.1,2022-09-01
PRV-BB6C1046,1039652239,"Andrew Morgan, PA",Individual,Orthopedics,50-7019382,5956 Poplar St,,Phoenix,AZ,85041,(805) 228-6761,True,In-Network,Vietnamese; Hindi; Korean,3.6,2022-01-01
PRV-AC6BC0E5,1325250029,"Mary Nelson, NP",Individual,Emergency Medicine,28-2860938,1578 Cedar Ln,,Phoenix,AZ,85012,(738) 573-2188,True,Out-of-Network,Spanish; French,3.6,2017-03-01
PRV-A40CD1BD,1442209690,"Sandra Thompson, DO",Individual,Family Medicine,33-6338793,7257 Highland Ave,,Philadelphia,PA,19181,(826) 426-2705,True,In-Network,Spanish; Vietnamese; Mandarin,5.0,2017-11-01
PRV-7F165D0A,1410067626,"Frank Rodriguez, MD",Individual,Family Medicine,73-7353742,1553 Lincoln Blvd,,Philadelphia,PA,19136,(559) 759-7149,False,In-Network,Vietnamese; Mandarin; Tagalog,3.1,2015-05-01
PRV-719EA3B3,1181599706,"Douglas Carter, MD",Individual,Internal Medicine,93-3768193,428 Washington Ave,,Philadelphia,PA,19153,(821) 644-3573,False,In-Network,Arabic,4.4,2023-05-01
PRV-68F39F7D,1205061497,Philadelphia Physicians Group,Facility,Hospital,35-2627170,4712 Juniper Pl,,Philadelphia,PA,19160,(226) 411-3798,True,Out-of-Network,Spanish; Korean,4.6,2022-08-01
PRV-ACDAF6ED,1527047743,Methodist Lab,Facility,Lab,44-2034137,4441 Pine Rd,Apt 658,Philadelphia,PA,19133,(354) 970-2584,False,In-Network,Arabic; Vietnamese; Korean,3.1,2021-09-01
PRV-4F98C6C5,1989921722,"Ronald Jones, NP",Individual,Cardiology,37-4233407,6958 Sunset Blvd,Apt 587,Philadelphia,PA,19148,(329) 243-7936,False,In-Network,Mandarin,4.7,2019-06-01
PRV-968AF770,1709986162,"Joyce Scott, NP",Individual,Orthopedics,28-2681144,1197 Pine Rd,Apt 398,Philadelphia,PA,19180,(308) 776-2654,True,In-Network,Arabic; Korean,3.8,2022-10-01
PRV-3C6BF4D4,1307450544,"Jennifer Gomez, MD",Individual,Emergency Medicine,45-9248001,7850 Maple Dr,Apt 177,Philadelphia,PA,19128,(912) 901-2609,True,In-Network,Hindi; French,3.5,2021-10-01
PRV-9364C892,1214862890,"Julie Davis, NP",Individual,Family Medicine,32-4234033,1562 Sycamore Ave,Apt 453,San Antonio,TX,78272,(405) 259-5087,False,In-Network,Vietnamese; Korean,3.7,2022-09-01
PRV-BEB1948B,1798552414,"Nicole Edwards, MD",Individual,Family Medicine,13-7485495,6603 Cherry Ct,,San Antonio,TX,78257,(250) 366-4511,True,In-Network,Vietnamese; Korean; French,3.8,2015-11-01
PRV-18ACDEF0,1446657437,"Mark Allen, NP",Individual,Internal Medicine,48-9734854,245 Sunset Blvd,,San Antonio,TX,78286,(838) 606-2676,False,Out-of-Network,Tagalog; Korean,3.6,2016-08-01
PRV-16EF8D06,1328309652,Community Hospital,Facility,Hospital,13-9344531,1145 Lincoln Blvd,,San Antonio,TX,78245,(502) 465-7857,True,In-Network,Vietnamese; French; Hindi,4.4,2023-11-01
PRV-80E17EC5,1417248251,San Antonio Clinic,Facility,Lab,38-6960666,7894 Jefferson Dr,,San Antonio,TX,78294,(428) 962-6031,True,In-Network,Korean; Tagalog,3.9,2016-08-01
PRV-7513C664,1022356972,"Shirley Hill, DO",Individual,Cardiology,50-4025884,979 Elm St,Suite 299,San Antonio,TX,78225,(997) 282-8988,True,Out-of-Network,English; Tagalog,3.9,2018-03-01
PRV-D77C1034,1676008350,"Samantha Diaz, DO",Individual,Orthopedics,51-9909268,9541 Spruce Ter,,San Antonio,TX,78226,(395) 218-1067,True,In-Network,French; Korean; Spanish,3.2,2023-10-01
PRV-1C08F4CE,1856257532,"Cynthia Gutierrez, NP",Individual,Emergency Medicine,61-1320859,5115 Spruce Ter,,San Antonio,TX,78248,(433) 429-3149,True,In-Network,Mandarin; Spanish; Tagalog,4.4,2015-07-01
PRV-2A3BB2BF,1761847230,"Michael Anderson, DO",Individual,Family Medicine,48-8061051,4290 Cedar Ln,,San Diego,CA,92193,(877) 303-9524,True,In-Network,Arabic,4.7,2016-09-01
PRV-F8AFF1DA,1835642087,"Scott Sanchez, MD",Individual,Family Medicine,36-9064202,2028 Dogwood Ct,,San Diego,CA,92173,(538) 440-1044,False,In-Network,Hindi,3.3,2016-09-01
PRV-06A426FD,1120455611,"Dorothy Reyes, MD",Individual,Internal Medicine,15-1162274,1329 Walnut Blvd,,San Diego,CA,92168,(341) 879-3793,True,In-Network,Korean; Spanish; Mandarin,4.6,2017-02-01
PRV-42C548A7,1621202169,San Diego Physicians Group,Facility,Hospital,71-8351152,6666 Park Ave,,San Diego,CA,92159,(385) 825-7221,True,In-Network,Mandarin; Hindi; Vietnamese,3.2,2021-08-01
PRV-EC52B6CC,1993588916,San Diego Wellness Center,Facility,Lab,94-5170429,853 Elm St,,San Diego,CA,92111,(693) 554-7305,False,In-Network,English; Tagalog; French,4.9,2023-08-01
PRV-DE92E333,1838663177,"Kevin Scott, MD",Individual,Cardiology,83-8517846,8223 Spruce Ter,Apt 77,San Diego,CA,92151,(290) 710-8324,True,Out-of-Network,English; Spanish; Vietnamese,3.8,2023-09-01
PRV-6931BCBE,1375503758,"Victoria Rogers, NP",Individual,Orthopedics,89-8937865,102 Pine Rd,Suite 718,San Diego,CA,92191,(933) 872-6952,True,In-Network,Vietnamese; English; Mandarin,3.7,2019-09-01
PRV-F041F67C,1493316373,"Sarah Evans, MD",Individual,Emergency Medicine,53-2808009,8652 Franklin St,,San Diego,CA,92131,(975) 624-1761,True,In-Network,Spanish; Hindi; Vietnamese,4.3,2023-03-01
PRV-AB1CF821,1292216995,"Olivia Morris, NP",Individual,Family Medicine,74-7453568,8272 Main St,,Dallas,TX,75280,(628) 823-5067,True,Out-of-Network,Hindi; Mandarin,3.3,2024-12-01
PRV-3DCD0CD7,1452288515,"Matthew Clark, NP",Individual,Family Medicine,81-9059269,8493 Juniper Pl,Suite 818,Dallas,TX,75250,(796) 784-7839,True,In-Network,Korean; Arabic; Hindi,3.0,2016-01-01
PRV-5D021F4D,1420438057,"Maria Lee, MD",Individual,Internal Medicine,23-4763253,6340 Ash Pl,,Dallas,TX,75235,(960) 862-7371,True,In-Network,Korean; English; Vietnamese,3.8,2020-09-01
PRV-DAB7B6A4,1359893347,Dallas Physicians Group,Facility,Hospital,32-2249382,981 Main St,,Dallas,TX,75289,(391) 377-9418,False,In-Network,Tagalog; Korean,3.3,2024-05-01
PRV-BF7CD3B2,1909479851,Baptist Lab,Facility,Lab,50-9814666,192 Lincoln Blvd,,Dallas,TX,75215,(425) 388-9529,False,In-Network,Tagalog; Arabic,3.2,2018-04-01
PRV-939C14DE,1573993056,"Brenda Johnson, MD",Individual,Cardiology,24-7473923,5537 Lincoln Blvd,,Dallas,TX,75289,(462) 753-5633,False,In-Network,Tagalog; Hindi,4.0,2019-11-01
PRV-FC6B59EB,1361386120,"Benjamin Rodriguez, MD",Individual,Orthopedics,68-6565260,3254 Washington Ave,,Dallas,TX,75231,(238) 289-2200,False,In-Network,Spanish; Vietnamese; Mandarin,3.8,2022-11-01
PRV-D3302C10,1919015814,"Jonathan Smith, PA",Individual,Emergency Medicine,97-6055825,6726 River Rd,Apt 324,Dallas,TX,75296,(821) 288-5612,True,In-Network,English; Hindi,3.3,2018-03-01
PRV-C0B47103,1009968814,"Mary Jackson, MD",Individual,Family Medicine,36-6768873,6506 Dogwood Ct,,Austin,TX,78748,(416) 622-9397,False,In-Network,Korean; Vietnamese; English,3.4,2024-01-01
PRV-796AF8E6,1975523149,"Steven Gonzalez, MD",Individual,Family Medicine,18-4246367,9092 Valley Way,,Austin,TX,78747,(525) 697-8383,True,In-Network,Mandarin; French; Arabic,3.6,2021-03-01
PRV-2053B477,1577754781,"Kimberly Campbell, MD",Individual,Internal Medicine,32-2375290,179 Washington Ave,,Austin,TX,78792,(487) 343-9824,True,In-Network,Spanish; Tagalog; English,4.7,2015-10-01
PRV-CBFD85E7,1872563942,Austin Wellness Center,Facility,Hospital,69-9407451,9584 Park Ave,,Austin,TX,78714,(722) 292-7500,True,In-Network,Mandarin,4.5,2017-08-01
PRV-B0044833,1373145303,Austin Medical Center,Facility,Lab,76-7060792,2708 Willow Dr,,Austin,TX,78771,(597) 680-8448,True,In-Network,French; Spanish; Tagalog,4.9,2019-12-01
PRV-1E232D7A,1386557790,"Eric Allen, DO",Individual,Cardiology,74-3331501,4414 Willow Dr,Apt 386,Austin,TX,78756,(650) 369-4768,False,In-Network,Mandarin,3.4,2020-10-01
PRV-6C649E59,1392603029,"Debra Morris, DO",Individual,Orthopedics,85-3703298,2038 Poplar St,,Austin,TX,78724,(337) 844-9399,False,In-Network,Mandarin,3.5,2017-09-01
PRV-DC482C3A,1236929298,"Jeffrey Stewart, DO",Individual,Emergency Medicine,43-3813903,6742 Oak Ave,,Austin,TX,78720,(941) 902-6614,True,In-Network,Vietnamese,3.8,2017-02-01
PRV-3AB67F0B,1127990881,"Julie Martin, NP",Individual,Family Medicine,21-9090660,371 Sycamore Ave,Suite 980,Jacksonville,FL,32297,(875) 333-9835,True,In-Network,Arabic; Tagalog; Mandarin,4.7,2023-07-01
PRV-BDB9E01A,1731498643,"Jason Moore, MD",Individual,Family Medicine,10-1119354,3859 Sunset Blvd,Apt 809,Jacksonville,FL,32254,(791) 735-2930,True,In-Network,French,3.8,2016-03-01
PRV-7CEA6C23,1636887258,"Helen Scott, PA",Individual,Internal Medicine,81-9116148,7080 Cypress Rd,Suite 975,Jacksonville,FL,32264,(459) 514-6641,True,In-Network,Spanish,4.5,2022-12-01
PRV-0FD082F4,1026012796,Jacksonville Medical Practice,Facility,Hospital,21-2075091,2750 Walnut Blvd,Apt 220,Jacksonville,FL,32253,(469) 427-7075,False,In-Network,Arabic; Korean,4.4,2024-01-01
PRV-44CE3D69,1430988392,Jacksonville Wellness Center,Facility,Lab,96-1605005,2971 Highland Ave,,Jacksonville,FL,32294,(568) 444-1004,True,In-Network,Arabic; French,4.3,2021-10-01
PRV-CACBD4F8,1439376904,"Janet Hall, MD",Individual,Cardiology,32-7830585,3381 Main St,,Jacksonville,FL,32221,(718) 309-2185,True,In-Network,Tagalog,4.9,2023-10-01
PRV-2150A431,1790714163,"Dennis Baker, DO",Individual,Orthopedics,96-4857587,4198 Hill St,Suite 486,Jacksonville,FL,32271,(523) 622-6785,True,In-Network,Vietnamese; Korean,3.2,2020-02-01
PRV-6C68B073,1333433339,"Nancy Harris, DO",Individual,Emergency Medicine,55-3617171,9185 Willow Dr,,Jacksonville,FL,32237,(997) 309-2964,True,In-Network,Hindi; English; Arabic,4.7,2015-08-01
PRV-675017AD,1639208678,"Dennis Rogers, MD",Individual,Family Medicine,14-9430135,6181 Washington Ave,,Columbus,OH,43272,(555) 603-3863,True,In-Network,Hindi; French; Tagalog,3.0,2018-07-01
PRV-60C9AE4C,1479552763,"Stephen King, MD",Individual,Family Medicine,63-7246319,9619 Walnut Blvd,Suite 470,Columbus,OH,43243,(573) 610-5581,True,In-Network,Vietnamese; Spanish; French,3.5,2018-09-01
PRV-62472AA8,1288574489,"Daniel Turner, DO",Individual,Internal Medicine,16-7684074,7181 Madison Ln,,Columbus,OH,43270,(301) 907-3676,False,In-Network,Spanish; Hindi,4.5,2019-06-01
PRV-9667A6BA,1399824558,Mercy Hospital,Facility,Hospital,72-8498243,6003 Cypress Rd,Apt 353,Columbus,OH,43225,(280) 590-5694,True,Out-of-Network,French,3.8,2024-10-01
PRV-C05E9CC1,1496475987,Community Lab,Facility,Lab,62-3807132,6731 Elm St,,Columbus,OH,43239,(388) 223-3048,True,In-Network,Spanish; Vietnamese; Tagalog,3.8,2016-02-01
PRV-D3BEA820,1216433472,"Richard King, NP",Individual,Cardiology,26-9837269,7852 Cedar Ln,Apt 27,Columbus,OH,43277,(374) 229-1575,True,In-Network,Hindi; Tagalog,4.9,2023-05-01
PRV-F9089F56,1845783174,"Samantha Parker, NP",Individual,Orthopedics,56-7915632,9087 Hill St,Suite 814,Columbus,OH,43232,(466) 359-5973,False,In-Network,French,3.6,2023-01-01
PRV-56175BB0,1536866326,"Tyler Smith, NP",Individual,Emergency Medicine,58-4700926,8159 Sunset Blvd,Apt 307,Columbus,OH,43247,(469) 281-7917,True,In-Network,Korean; Tagalog; French,4.5,2019-07-01
PRV-DFB8C9B2,1973502080,"Helen Edwards, MD",Individual,Family Medicine,33-2715864,3180 Elm St,,Charlotte,NC,28224,(488) 475-3048,True,In-Network,Spanish,3.3,2022-04-01
PRV-3CF13B0E,1120461872,"Rachel Jones, MD",Individual,Family Medicine,34-5195637,5701 Lake Dr,Apt 320,Charlotte,NC,28257,(590) 212-2998,True,In-Network,Hindi; Vietnamese,4.5,2015-04-01
PRV-C427E726,1208814743,"Debra Flores, MD",Individual,Internal Medicine,56-1873883,7650 Walnut Blvd,,Charlotte,NC,28270,(882) 423-2850,True,In-Network,Mandarin,4.6,2024-02-01
PRV-00CFD84D,1251327195,Mercy Hospital,Facility,Hospital,90-2007511,6584 Magnolia Blvd,Suite 143,Charlotte,NC,28298,(261) 564-3521,True,In-Network,Hindi,3.5,2023-11-01
PRV-0645B5C0,1407784873,Regional Lab,Facility,Lab,82-4131076,5790 Hill St,,Charlotte,NC,28298,(756) 556-6303,True,In-Network,Tagalog; Mandarin; English,4.1,2022-05-01
PRV-56540614,1593518638,"Douglas Williams, NP",Individual,Cardiology,97-9347489,4414 Franklin St,Suite 100,Charlotte,NC,28258,(984) 764-3525,True,In-Network,French; Spanish; English,4.0,2016-01-01
PRV-3448D83E,1967899405,"Betty Gonzalez, MD",Individual,Orthopedics,38-2189067,2226 Willow Dr,,Charlotte,NC,28223,(213) 413-9051,True,In-Network,English; French,4.1,2021-06-01
PRV-8E17BD3D,1138633839,"Anthony Gutierrez, MD",Individual,Emergency Medicine,90-4001408,1055 Laurel Way,,Charlotte,NC,28248,(771) 967-7802,True,In-Network,French; Hindi; Tagalog,4.3,2016-03-01
PRV-D85B23E8,1855665939,"Christina Rivera, MD",Individual,Family Medicine,79-4589118,3055 Park Ave,,Indianapolis,IN,46278,(584) 984-5162,True,In-Network,English; Tagalog,5.0,2024-01-01
PRV-3CE2DC8D,1488899210,"Anthony Green, MD",Individual,Family Medicine,68-6966913,8580 Birch Way,,Indianapolis,IN,46248,(359) 341-5341,True,In-Network,Korean,4.6,2016-10-01
PRV-135ACB95,1409610556,"Gary Gonzalez, NP",Individual,Internal Medicine,63-3022334,6650 Hickory Ln,,Indianapolis,IN,46271,(988) 432-1187,True,In-Network,Korean,4.0,2020-09-01
PRV-04D1439E,1799813646,Methodist Hospital,Facility,Hospital,28-3217764,9355 Ash Pl,,Indianapolis,IN,46229,(544) 284-8796,True,In-Network,Korean; Spanish,3.8,2021-12-01
PRV-FC5C75FF,1389833146,Mercy Lab,Facility,Lab,51-2503148,2236 Birch Way,,Indianapolis,IN,46272,(315) 887-7776,True,In-Network,French; English,4.5,2017-06-01
PRV-9BA49629,1039240514,"Karen Hernandez, MD",Individual,Cardiology,67-8905261,7345 Ash Pl,,Indianapolis,IN,46235,(223) 539-4424,True,In-Network,Tagalog; Korean; Hindi,4.0,2017-12-01
PRV-6AB2EA01,1394070164,"Lisa Davis, MD",Individual,Orthopedics,94-7043474,401 Madison Ln,Suite 779,Indianapolis,IN,46215,(310) 219-5792,True,In-Network,Arabic,4.0,2016-06-01
PRV-65075F97,1457620555,"John Young, NP",Individual,Emergency Medicine,90-6072192,8040 Pine Rd,Suite 303,Indianapolis,IN,46268,(441) 713-5519,True,In-Network,English; Korean,3.5,2020-07-01
PRV-278E64D1,1264957823,"Edward Walker, NP",Individual,Family Medicine,93-3324928,2348 Pine Rd,Suite 491,San Francisco,CA,94196,(794) 754-4314,True,In-Network,Tagalog; Mandarin; Vietnamese,5.0,2017-11-01
PRV-9669AC5E,1056647423,"Daniel Green, MD",Individual,Family Medicine,23-3206973,9354 Spruce Ter,Suite 169,San Francisco,CA,94178,(389) 226-5372,True,In-Network,Vietnamese; Tagalog; French,3.1,2016-12-01
PRV-1283E6A2,1722330604,"Nancy Roberts, DO",Individual,Internal Medicine,62-4733840,7908 Birch Way,Suite 966,San Francisco,CA,94170,(960) 887-4323,True,In-Network,Hindi; French,4.7,2018-07-01
PRV-6BFEE3B6,1988081770,Mercy Hospital,Facility,Hospital,41-9702386,6733 Maple Dr,Apt 623,San Francisco,CA,94150,(750) 605-1643,True,In-Network,English; Vietnamese; Mandarin,3.9,2019-05-01
PRV-161A4245,1771812982,San Francisco Clinic,Facility,Lab,60-7938373,7658 Spruce Ter,Suite 401,San Francisco,CA,94116,(531) 661-1408,True,In-Network,Vietnamese; Hindi; English,3.5,2017-12-01
PRV-60010636,1689268602,"Elizabeth Ortiz, PA",Individual,Cardiology,52-3518087,2124 Pine Rd,Apt 117,San Francisco,CA,94191,(366) 348-3930,True,In-Network,Korean; Hindi,3.6,2017-02-01
PRV-B426462E,1097339776,"Amy Murphy, NP",Individual,Orthopedics,66-2332193,2255 Sycamore Ave,,San Francisco,CA,94111,(815) 814-1107,True,In-Network,Tagalog; Vietnamese; English,3.4,2015-11-01
PRV-356F6D3C,1162249998,"Carol Lopez, MD",Individual,Emergency Medicine,32-8639301,5818 Maple Dr,,San Francisco,CA,94195,(967) 792-6901,True,In-Network,French; Tagalog,4.8,2016-07-01
PRV-BE61120A,1833901981,"Carol Ortiz, DO",Individual,Family Medicine,71-5818203,9118 Elm St,,Seattle,WA,98125,(637) 823-6185,True,In-Network,French; Mandarin; Korean,4.1,2023-12-01
PRV-557A42BD,1071396605,"Betty Smith, MD",Individual,Family Medicine,54-4562439,8254 Highland Ave,Suite 284,Seattle,WA,98139,(211) 855-4296,True,In-Network,Korean,3.6,2023-06-01
PRV-788B8EB0,1557702727,"Nathan Thompson, MD",Individual,Internal Medicine,78-6622207,200 Cherry Ct,,Seattle,WA,98160,(673) 623-1917,True,In-Network,French; English; Spanish,4.2,2020-06-01
PRV-84884E9B,1299629145,Seattle Wellness Center,Facility,Hospital,14-5554970,1184 Ash Pl,,Seattle,WA,98153,(623) 288-9143,True,In-Network,Vietnamese; Korean,3.4,2020-01-01
PRV-499EEBAD,1357845218,Seattle Clinic,Facility,Lab,96-3226624,3411 Pine Rd,,Seattle,WA,98171,(410) 941-1598,True,In-Network,Spanish; English; Mandarin,4.9,2024-02-01
PRV-5EFFBEF1,1353344857,"Patricia Flores, PA",Individual,Cardiology,95-2973853,5560 Valley Way,,Seattle,WA,98176,(479) 352-3580,True,In-Network,Tagalog; Spanish; Hindi,4.1,2023-06-01
PRV-2BA6388D,1958702070,"Charles Martinez, MD",Individual,Orthopedics,23-7435734,4540 Ash Pl,,Seattle,WA,98183,(255) 288-7987,True,In-Network,Hindi; French; Mandarin,3.7,2018-12-01
PRV-6219651E,1747733294,"William Reyes, MD",Individual,Emergency Medicine,56-7577959,8840 Pine Rd,Apt 998,Seattle,WA,98182,(387) 916-6412,True,In-Network,Hindi; English,3.1,2016-06-01
PRV-1E5E9D8E,1158148769,"Nicholas Wilson, DO",Individual,Family Medicine,62-5002629,7942 Valley Way,,Denver,CO,80254,(835) 449-9977,True,In-Network,French,3.4,2024-07-01
PRV-1A923920,1997581724,"Jack Morales, MD",Individual,Family Medicine,61-2167822,7232 Lincoln Blvd,,Denver,CO,80232,(812) 311-7208,True,In-Network,Spanish,3.4,2017-10-01
PRV-798BF0E9,1354946519,"Deborah Edwards, MD",Individual,Internal Medicine,11-9563491,103 Ash Pl,Apt 677,Denver,CO,80278,(613) 330-5819,False,Out-of-Network,English,4.4,2020-02-01
PRV-20CE92AE,1666832723,Denver Health Partners,Facility,Hospital,81-7452434,4723 Oak Ave,Suite 542,Denver,CO,80260,(568) 627-3527,True,In-Network,Mandarin,3.0,2015-03-01
PRV-F0B3365A,1796927868,Denver Health Partners,Facility,Lab,67-7454441,8074 River Rd,,Denver,CO,80227,(563) 431-4044,True,In-Network,Vietnamese; Korean,3.8,2023-10-01
PRV-EF077782,1128478189,"Justin Morris, PA",Individual,Cardiology,21-5114298,6112 Maple Dr,Apt 39,Denver,CO,80257,(683) 845-2279,True,In-Network,Korean; English; Mandarin,4.1,2015-08-01
PRV-4DDFB793,1209494079,"Amanda Nguyen, MD",Individual,Orthopedics,31-1866037,7538 Meadow Ln,Suite 580,Denver,CO,80252,(872) 498-1447,True,In-Network,Spanish; Korean; Mandarin,3.3,2019-05-01
PRV-BAF03DBF,1243728051,"Raymond Edwards, MD",Individual,Emergency Medicine,28-3586212,4309 Main St,Suite 214,Denver,CO,80232,(707) 970-7765,True,In-Network,Mandarin; Vietnamese,4.2,2020-01-01
PRV-2A35AF7D,1836674286,"Donna Stewart, PA",Individual,Family Medicine,11-5845129,4431 Cherry Ct,Apt 54,Nashville,TN,37261,(659) 591-6172,True,In-Network,Spanish,4.8,2020-07-01
PRV-1180372C,1938525800,"Cynthia Walker, PA",Individual,Family Medicine,18-1200679,4566 Lincoln Blvd,,Nashville,TN,37242,(621) 300-9605,False,In-Network,Korean,3.5,2015-01-01
PRV-59C50124,1926921244,"Alexander Thomas, MD",Individual,Internal Medicine,69-2270273,1606 Cedar Ln,,Nashville,TN,37286,(854) 664-5528,True,In-Network,French; Korean; Spanish,4.6,2019-01-01
PRV-6A144E69,1739627128,Memorial Hospital,Facility,Hospital,65-4663917,6371 Madison Ln,,Nashville,TN,37243,(828) 858-2740,True,In-Network,English,3.1,2024-12-01
PRV-A9FD53BB,1642569087,Nashville Medical Center,Facility,Lab,71-8315833,4205 Hill St,,Nashville,TN,37293,(613) 945-2148,True,In-Network,Hindi; Spanish; Korean,4.1,2020-06-01
PRV-D14A764D,1328063461,"Elizabeth Collins, MD",Individual,Cardiology,90-7027401,5061 Park Ave,,Nashville,TN,37256,(698) 286-8175,True,In-Network,English,4.4,2024-04-01
PRV-70EA39FF,1005050613,"Amy Morgan, DO",Individual,Orthopedics,93-9776491,8115 Madison Ln,Suite 911,Nashville,TN,37292,(669) 894-9791,False,In-Network,English,4.5,2022-11-01
PRV-5D83339A,1041792911,"James Thompson, PA",Individual,Emergency Medicine,24-9340683,412 Sunset Blvd,,Nashville,TN,37241,(809) 830-4613,False,In-Network,Arabic; French,3.2,2024-09-01
PRV-3C32FCF4,1426258273,"Kevin Rodriguez, MD",Individual,Family Medicine,84-1682814,2350 Washington Ave,,Portland,OR,97215,(336) 302-7162,True,In-Network,Spanish; English,3.0,2016-12-01
PRV-534F3B16,1487632909,"Anthony Jackson, PA",Individual,Family Medicine,33-9386722,9827 Dogwood Ct,Apt 427,Portland,OR,97298,(826) 290-5934,True,In-Network,Vietnamese,3.2,2023-02-01
PRV-F4BBCBCB,1772200543,"Matthew Anderson, MD",Individual,Internal Medicine,65-5217486,6029 Meadow Ln,,Portland,OR,97245,(542) 831-8424,False,In-Network,Mandarin; Tagalog; Arabic,3.1,2023-02-01
PRV-07FA04B4,1531531363,University Hospital,Facility,Hospital,58-4702106,1260 Magnolia Blvd,Suite 555,Portland,OR,97284,(275) 682-8936,False,In-Network,Hindi,3.4,2020-03-01
PRV-50B87668,1904217762,St. Marys Lab,Facility,Lab,53-4688530,7599 Sycamore Ave,,Portland,OR,97235,(502) 818-3568,True,In-Network,Mandarin; Vietnamese; English,3.8,2023-08-01
PRV-D4EF60C9,1569392906,"Catherine Young, MD",Individual,Cardiology,15-1672073,3646 Sunset Blvd,,Portland,OR,97211,(681) 951-9261,False,In-Network,Spanish; Hindi,4.0,2016-09-01
PRV-53B8C6C9,1742799077,"Ashley Lopez, MD",Individual,Orthopedics,27-7800818,303 Lake Dr,,Portland,OR,97255,(389) 579-8607,True,In-Network,Spanish; Arabic; French,3.7,2015-05-01
PRV-BA57B953,1508501657,"Tyler Hernandez, NP",Individual,Emergency Medicine,89-1685757,7077 Laurel Way,Suite 727,Portland,OR,97283,(574) 575-3871,True,In-Network,Vietnamese; Mandarin; Hindi,3.5,2016-11-01
PRV-F294C20F,1640155778,"Kelly Wright, NP",Individual,Family Medicine,77-3058722,7939 Hickory Ln,,Atlanta,GA,30351,(681) 926-9714,True,In-Network,Hindi; French,4.6,2016-04-01
PRV-96B43ABD,1127238046,"Richard Perez, MD",Individual,Family Medicine,97-3215051,7601 Pine Rd,,Atlanta,GA,30346,(685) 555-7883,True,In-Network,Vietnamese; Spanish,3.0,2018-09-01
PRV-C6F9A0F3,1242437540,"Cynthia Hill, NP",Individual,Internal Medicine,28-6924385,5603 Lake Dr,,Atlanta,GA,30372,(491) 666-3725,True,In-Network,Korean; Mandarin; Spanish,4.7,2017-03-01
PRV-10EE337A,1238055257,Baptist Hospital,Facility,Hospital,79-3727935,3997 Cherry Ct,Suite 424,Atlanta,GA,30326,(746) 508-2990,True,In-Network,Mandarin; Hindi,4.9,2017-01-01
PRV-DDEE0642,1297517028,Atlanta Medical Practice,Facility,Lab,24-6168761,9048 Meadow Ln,,Atlanta,GA,30370,(225) 611-4610,True,In-Network,Vietnamese,4.2,2018-05-01
PRV-19B06FB7,1759980562,"Nicholas Gomez, MD",Individual,Cardiology,64-7201361,3306 Oak Ave,Apt 86,Atlanta,GA,30396,(595) 581-1199,True,In-Network,Tagalog; Spanish,3.4,2022-12-01
PRV-9E433009,1347851961,"Nathan Lopez, MD",Individual,Orthopedics,10-7869609,6909 Hill St,Apt 296,Atlanta,GA,30363,(854) 479-7791,True,In-Network,Mandarin; Vietnamese; Spanish,4.7,2019-09-01
PRV-79CA7279,1002447146,"Amy Reyes, MD",Individual,Emergency Medicine,32-9252486,8137 Maple Dr,,Atlanta,GA,30384,(904) 860-5009,False,In-Network,Spanish; French,4.2,2024-07-01
PRV-70ECC025,1902572520,"Henry King, MD",Individual,Family Medicine,44-7059317,4325 Sunset Blvd,,Minneapolis,MN,55457,(629) 851-6832,False,In-Network,Spanish; Vietnamese; Arabic,4.3,2016-10-01
PRV-ED0FAE6A,1520284576,"Susan Morgan, NP",Individual,Family Medicine,53-3735175,2838 Washington Ave,,Minneapolis,MN,55444,(304) 423-3532,True,In-Network,Tagalog; Spanish; Vietnamese,3.9,2016-02-01
PRV-3DCF713F,1852401322,"Sarah Cruz, NP",Individual,Internal Medicine,98-4801288,2250 Oak Ave,,Minneapolis,MN,55498,(514) 328-4438,False,In-Network,Spanish; Tagalog; English,4.5,2021-01-01
PRV-4E99D793,1401401193,Memorial Hospital,Facility,Hospital,85-4355853,3317 Walnut Blvd,Suite 912,Minneapolis,MN,55485,(389) 886-6759,False,In-Network,Korean; French; Mandarin,3.3,2023-12-01
PRV-B04864BC,1334280138,Minneapolis Wellness Center,Facility,Lab,70-7148229,4062 Meadow Ln,,Minneapolis,MN,55484,(914) 803-4033,True,Out-of-Network,French,5.0,2021-04-01
PRV-2B9FEEE9,1754801571,"Jessica Gutierrez, MD",Individual,Cardiology,59-5758210,8525 Poplar St,,Minneapolis,MN,55425,(667) 814-6111,True,In-Network,Tagalog,3.8,2021-04-01
PRV-5399FF48,1167811266,"Gregory Morales, PA",Individual,Orthopedics,98-2706614,1240 Sunset Blvd,,Minneapolis,MN,55432,(959) 372-2060,True,In-Network,Arabic,3.2,2021-12-01
PRV-CCD60F3A,1796784271,"Maria Phillips, MD",Individual,Emergency Medicine,25-5205877,8277 Laurel Way,Suite 830,Minneapolis,MN,55485,(701) 709-4781,True,In-Network,English,4.7,2022-11-01
PRV-68A1B409,1877347784,"Helen Gonzalez, MD",Individual,Family Medicine,79-6764913,538 Willow Dr,,Tampa,FL,33629,(753) 759-1289,True,In-Network,Spanish; Arabic,3.9,2021-08-01
PRV-D214F1BE,1624671978,"Victoria Perez, DO",Individual,Family Medicine,97-8882244,7631 Maple Dr,Suite 281,Tampa,FL,33694,(687) 775-3560,True,In-Network,Arabic; French,4.5,2019-06-01
PRV-3CAB339D,1561655650,"Ruth Brown, PA",Individual,Internal Medicine,94-5097480,1106 Oak Ave,,Tampa,FL,33656,(453) 440-6113,True,Out-of-Network,Korean,3.2,2017-01-01
PRV-24C99CC4,1407905696,Tampa Health Partners,Facility,Hospital,51-2639564,8921 Washington Ave,Apt 39,Tampa,FL,33682,(700) 302-4373,True,In-Network,French; Mandarin; Korean,3.6,2021-04-01
PRV-010BAEB9,1496391919,St. Marys Lab,Facility,Lab,53-5586302,8242 Elm St,Suite 970,Tampa,FL,33637,(268) 780-9700,True,In-Network,Korean,4.0,2019-07-01
PRV-4589E8FD,1829737489,"Christine White, MD",Individual,Cardiology,65-2004647,8946 Washington Ave,Apt 205,Tampa,FL,33642,(734) 405-6968,True,In-Network,Korean; Arabic; Vietnamese,3.6,2016-11-01
PRV-E181C06B,1312303477,"Steven Walker, DO",Individual,Orthopedics,81-8317096,3435 Lake Dr,,Tampa,FL,33692,(632) 862-1606,True,In-Network,Korean,4.6,2019-11-01
PRV-27180073,1941651623,"Michael Hernandez, MD",Individual,Emergency Medicine,24-9392777,9122 Willow Dr,,Tampa,FL,33672,(323) 734-9605,True,In-Network,Spanish,4.5,2020-06-01
PRV-21B6349C,1347649078,"Christopher Wilson, MD",Individual,Family Medicine,57-2895176,9673 Madison Ln,,Miami,FL,33164,(524) 758-7943,True,In-Network,Mandarin; French,4.0,2020-05-01
PRV-F64A0C2C,1518376064,"Steven Roberts, MD",Individual,Family Medicine,48-2514149,445 Maple Dr,,Miami,FL,33198,(974) 441-5872,True,In-Network,French; Arabic,4.6,2019-02-01
PRV-2A553BC9,1481569857,"Jose Lee, PA",Individual,Internal Medicine,98-1458871,8155 Sunset Blvd,,Miami,FL,33164,(980) 253-4010,True,In-Network,English,3.8,2019-06-01
PRV-32F5799F,1965772429,Miami Clinic,Facility,Hospital,51-5727774,9534 Pine Rd,,Miami,FL,33176,(403) 286-7791,True,In-Network,Vietnamese; English,4.9,2023-11-01
PRV-AA640704,1069694215,Miami Clinic,Facility,Lab,31-2968815,3847 Pine Rd,,Miami,FL,33143,(214) 935-9615,True,Out-of-Network,Hindi; Spanish,3.4,2018-04-01
PRV-71A63696,1343626204,"Joyce Clark, NP",Individual,Cardiology,43-4950793,4461 Dogwood Ct,Apt 765,Miami,FL,33126,(832) 661-5068,True,In-Network,Spanish; English,3.9,2020-12-01
PRV-06419C18,1005375990,"Barbara Gonzalez, NP",Individual,Orthopedics,10-5255656,6613 Hickory Ln,Apt 731,Miami,FL,33186,(716) 834-7241,True,In-Network,Mandarin; English,4.2,2019-03-01
PRV-F41B5154,1241502745,"Kenneth Ortiz, DO",Individual,Emergency Medicine,65-5746702,8353 Highland Ave,Apt 953,Miami,FL,33126,(469) 827-5321,True,In-Network,French,4.5,2022-03-01
PRV-5C5C5CF7,1427617075,"Daniel Jones, DO",Individual,Family Medicine,81-9140297,9204 Hill St,,Raleigh,NC,27616,(668) 704-2843,True,In-Network,French,3.2,2019-03-01
PRV-A218708E,1926137150,"Justin Smith, NP",Individual,Family Medicine,46-3046668,2857 Meadow Ln,Suite 379,Raleigh,NC,27694,(603) 582-2737,True,In-Network,Hindi,4.7,2022-08-01
PRV-A2585173,1045018961,"Janet Taylor, MD",Individual,Internal Medicine,61-5280939,4512 Main St,Suite 144,Raleigh,NC,27667,(382) 445-7535,False,In-Network,Arabic,4.6,2019-11-01
PRV-05F0B510,1251583776,Raleigh Medical Practice,Facility,Hospital,70-5504336,2625 Cherry Ct,Apt 306,Raleigh,NC,27649,(776) 814-7931,False,In-Network,Mandarin; Arabic,4.3,2016-01-01
PRV-F021997A,1788147617,Raleigh Clinic,Facility,Lab,48-3493203,8510 Lincoln Blvd,,Raleigh,NC,27692,(330) 900-5921,True,In-Network,English; Spanish,4.8,2023-02-01
PRV-A400833E,1180172260,"Amanda Allen, NP",Individual,Cardiology,20-7983542,8466 River Rd,Apt 423,Raleigh,NC,27694,(921) 504-6143,True,In-Network,Hindi; Korean; Mandarin,4.9,2017-04-01
PRV-D934D5BF,1061027769,"Jason Morgan, MD",Individual,Orthopedics,72-6080140,3132 Pine Rd,,Raleigh,NC,27696,(833) 831-6910,True,Out-of-Network,Arabic; Korean; English,3.3,2015-04-01
PRV-87F97118,1368314727,"Katherine Jackson, PA",Individual,Emergency Medicine,64-1366025,1933 Oak Ave,,Raleigh,NC,27636,(319) 370-3497,True,In-Network,Hindi; English,4.7,2024-04-01
PRV-61F60A97,1667998407,"Mary Wilson, PA",Individual,Family Medicine,61-9155420,3398 Dogwood Ct,Apt 584,Boston,MA,02116,(725) 805-8993,True,In-Network,Arabic,4.2,2023-02-01
PRV-91241296,1243757383,"Laura Parker, MD",Individual,Family Medicine,85-6690043,4488 Lake Dr,,Boston,MA,02173,(816) 932-8675,False,In-Network,Arabic; Tagalog; Hindi,4.9,2020-08-01
PRV-0EE8DE48,1297167433,"Sarah Thompson, MD",Individual,Internal Medicine,81-1789356,2754 Hickory Ln,,Boston,MA,02195,(218) 567-5273,True,In-Network,English; Spanish; Mandarin,3.9,2024-04-01
PRV-487FA682,1428910771,Boston Wellness Center,Facility,Hospital,23-2709062,2077 Poplar St,,Boston,MA,02155,(775) 242-9311,False,In-Network,French,3.3,2019-12-01
PRV-4391E3F1,1213760375,Boston Medical Associates,Facility,Lab,46-9472875,7333 Meadow Ln,,Boston,MA,02129,(375) 287-5358,True,In-Network,Vietnamese; Mandarin,4.5,2023-07-01
PRV-4AD6D163,1507208115,"Joyce Gutierrez, PA",Individual,Cardiology,50-7738583,3838 Birch Way,Apt 822,Boston,MA,02162,(990) 368-8111,False,In-Network,Mandarin; English; French,5.0,2023-05-01
PRV-B291159D,1489267389,"Lauren Hall, MD",Individual,Orthopedics,89-8417942,6969 Park Ave,Suite 797,Boston,MA,02148,(914) 553-7627,True,In-Network,English,4.1,2021-12-01
PRV-8C99244C,1200894346,"Shirley Baker, PA",Individual,Emergency Medicine,74-2852907,2164 Dogwood Ct,Suite 195,Boston,MA,02180,(949) 261-7110,True,In-Network,English,4.5,2016-08-01
PRV-F347CE92,1926831589,"Brian Hill, MD",Individual,Family Medicine,34-7061063,4981 Main St,,Detroit,MI,48284,(665) 300-3401,True,In-Network,Spanish,3.1,2017-08-01
PRV-1ED7B131,1767762282,"Virginia King, NP",Individual,Family Medicine,72-8679146,3619 Hill St,Suite 478,Detroit,MI,48261,(332) 921-9408,True,In-Network,Hindi,3.9,2017-09-01
PRV-C68CFFB6,1821545447,"George Nguyen, MD",Individual,Internal Medicine,13-3396950,6151 Cherry Ct,Apt 617,Detroit,MI,48224,(345) 803-7910,False,In-Network,Vietnamese; Mandarin,4.6,2022-01-01
PRV-21DC1FEA,1975679228,Community Hospital,Facility,Hospital,91-8733225,2104 Jefferson Dr,,Detroit,MI,48263,(979) 660-8357,False,In-Network,Arabic,3.8,2021-06-01
PRV-C527A395,1094818139,Detroit Clinic,Facility,Lab,79-1887084,8963 Maple Dr,Apt 982,Detroit,MI,48245,(783) 734-4103,True,In-Network,Spanish,4.3,2023-03-01
PRV-7944B6E8,1569070562,"Elizabeth Morgan, NP",Individual,Cardiology,63-1403608,410 Laurel Way,,Detroit,MI,48284,(740) 524-7258,True,In-Network,Tagalog,3.3,2017-03-01
PRV-DE36D768,1004615265,"Michael Adams, MD",Individual,Orthopedics,43-7300065,4287 Pine Rd,Apt 158,Detroit,MI,48296,(323) 253-4318,True,In-Network,Hindi,4.0,2023-07-01
PRV-9015602D,1630489138,"Barbara Morris, MD",Individual,Emergency Medicine,93-3106737,1985 Laurel Way,Apt 63,Detroit,MI,48280,(511) 781-7664,True,In-Network,Vietnamese; Mandarin; Hindi,4.1,2017-04-01
PRV-0F2C4DA5,1074946539,"Katherine Perez, MD",Individual,Radiology,75-5719620,7501 Maple Dr,Apt 2,Indianapolis,IN,46289,(246) 365-9750,True,In-Network,Spanish; Mandarin,4.5,2019-07-01
PRV-83B8FD72,1537950209,Baptist Pharmacy,Facility,Pharmacy,70-1071793,5315 Lincoln Blvd,Apt 651,Denver,CO,80244,(209) 888-3843,True,In-Network,Hindi; Arabic; Korean,3.2,2016-09-01
PRV-A010EB50,1017537030,Regional Surgery Center,Facility,Surgery Center,45-7003240,2122 Jefferson Dr,Apt 996,Tampa,FL,33686,(396) 292-5967,True,In-Network,French; English,3.6,2024-04-01
PRV-0847A643,1992192124,Minneapolis Medical Practice,Facility,Surgery Center,82-4824620,1917 Laurel Way,Apt 583,Minneapolis,MN,55431,(735) 946-5494,True,In-Network,Tagalog; Korean; French,4.1,2022-01-01
PRV-28491D0A,1758030468,"Gregory Gutierrez, DO",Individual,Plastic Surgery,67-6305659,949 Washington Ave,Apt 443,Minneapolis,MN,55445,(205) 601-4188,True,In-Network,Vietnamese,5.0,2021-02-01
PRV-D4D16438,1543173505,"Sharon Brown, NP",Individual,Dermatology,76-4971899,5494 Juniper Pl,,San Antonio,TX,78213,(274) 994-8184,True,In-Network,Spanish; Tagalog; English,4.8,2021-06-01
PRV-140B1D79,1108046619,"Helen Parker, MD",Individual,Pediatrics,62-4910970,2189 Cedar Ln,Apt 942,Miami,FL,33117,(813) 875-1173,True,In-Network,Spanish; French,4.3,2015-08-01
PRV-F16ADC75,1845679723,"Zachary Taylor, PA",Individual,Gastroenterology,27-1739385,1869 Walnut Blvd,,Portland,OR,97285,(261) 330-6106,True,In-Network,French; Korean; Hindi,4.8,2017-03-01
PRV-65E170B3,1806533315,"Michael Walker, NP",Individual,Endocrinology,34-8981342,4868 Franklin St,Suite 108,Atlanta,GA,30385,(911) 908-8657,True,In-Network,French; Korean; Vietnamese,3.7,2016-08-01
PRV-2902A7F2,1563620501,"Donald Morris, PA",Individual,Psychiatry,55-1503611,3694 Main St,,Los Angeles,CA,90069,(768) 317-3333,True,In-Network,French; English; Hindi,3.4,2019-03-01
PRV-8C8CF8A7,1410261534,Regional Imaging Center,Facility,Imaging Center,68-5029047,2955 Lincoln Blvd,,Dallas,TX,75232,(578) 581-3807,True,Out-of-Network,Arabic; Spanish; English,3.3,2017-04-01
PRV-F33F54CD,1384253042,Charlotte Medical Practice,Facility,Imaging Center,75-9203901,6231 Washington Ave,,Charlotte,NC,28215,(414) 944-2333,True,In-Network,Spanish; Mandarin; Korean,3.8,2023-06-01
PRV-807B608D,1903337363,"Kimberly Phillips, PA",Individual,Dermatology,49-8130700,5372 Franklin St,Apt 539,San Francisco,CA,94173,(586) 785-3575,True,In-Network,Spanish; Mandarin; Arabic,3.2,2022-09-01
PRV-96A945A3,1754602734,"Sharon Evans, MD",Individual,Internal Medicine,92-2273196,7722 Meadow Ln,Apt 637,Portland,OR,97267,(567) 284-5825,True,In-Network,Spanish; Korean; Tagalog,3.2,2016-06-01
PRV-6E0F9B84,1840445669,San Antonio Clinic,Facility,Urgent Care,93-1199493,3321 Lincoln Blvd,,San Antonio,TX,78234,(683) 869-9399,True,Out-of-Network,Vietnamese; Tagalog,4.4,2018-08-01
PRV-E14792B1,1366377805,Portland Medical Associates,Facility,Pharmacy,27-3153282,9154 Valley Way,Apt 740,Portland,OR,97253,(512) 955-1158,True,In-Network,French; Vietnamese,3.8,2021-12-01
PRV-0DADD053,1186371597,"Deborah Clark, DO",Individual,Anesthesiology,91-6111102,480 Maple Dr,,Jacksonville,FL,32252,(295) 375-2709,True,In-Network,Hindi; English; Spanish,3.4,2021-05-01
PRV-BEF63B54,1662128671,Baptist Imaging Center,Facility,Imaging Center,59-4464154,8691 Elm St,,Austin,TX,78776,(333) 410-6075,True,In-Network,Mandarin; Korean,4.2,2023-12-01
PRV-46101359,1777901475,"Eric Nelson, NP",Individual,Gastroenterology,99-5990361,221 Ash Pl,Apt 457,Dallas,TX,75287,(600) 827-3869,True,In-Network,Arabic; Hindi; Vietnamese,4.8,2017-12-01
PRV-084978B1,1376815118,"Christine Rodriguez, PA",Individual,ENT,51-7880270,815 Magnolia Blvd,,Charlotte,NC,28245,(661) 368-5141,True,In-Network,Spanish,4.3,2022-07-01
PRV-46EE61D6,1711837274,"Christine Reyes, DO",Individual,Gastroenterology,30-3862010,6599 Maple Dr,,Charlotte,NC,28227,(218) 821-2646,True,In-Network,Arabic; Mandarin; English,4.3,2015-11-01
PRV-9284A5C6,1816470900,"Rachel Miller, PA",Individual,Rheumatology,58-4384602,3015 Hickory Ln,Suite 135,San Francisco,CA,94137,(455) 583-4908,True,In-Network,English,3.7,2018-11-01
PRV-52A06B49,1386613315,"Michelle Harris, NP",Individual,Cardiology,51-3912886,2850 Spruce Ter,Suite 525,San Diego,CA,92123,(215) 611-6181,False,In-Network,Spanish,4.3,2019-11-01
PRV-BAB7BEEC,1241956252,"Alexander Morgan, NP",Individual,Pediatrics,91-6334600,3680 Lake Dr,Suite 885,Los Angeles,CA,90073,(882) 693-2106,True,In-Network,Hindi; Arabic; Korean,4.3,2018-09-01
PRV-1499E1A9,1743263039,"Michael Moore, MD",Individual,Neurology,66-6514500,447 Cherry Ct,Apt 317,New York,NY,10041,(337) 484-6202,True,In-Network,Arabic; Korean; Tagalog,3.0,2020-06-01
PRV-6283BA79,1017130232,Presbyterian Hospital,Facility,Hospital,21-3913796,4168 Poplar St,Apt 623,Nashville,TN,37276,(806) 762-4348,True,In-Network,Hindi; Korean; Spanish,4.4,2018-07-01
PRV-5D4995B8,1156627768,San Diego Physicians Group,Facility,Urgent Care,88-8271756,4775 Hill St,,San Diego,CA,92144,(978) 359-8897,False,In-Network,Korean,4.2,2017-09-01
PRV-9F27E4C7,1732300857,"Barbara Nelson, MD",Individual,Urology,61-7976304,7696 Juniper Pl,Apt 465,Dallas,TX,75281,(604) 960-7113,True,In-Network,Spanish; Arabic; English,5.0,2016-07-01
PRV-FEA8745D,1066337050,"Samantha Mitchell, PA",Individual,Gastroenterology,99-3481086,7248 Cypress Rd,,Philadelphia,PA,19175,(467) 819-8462,True,In-Network,Mandarin,3.0,2016-11-01
PRV-EE2BBADD,1869461195,"Dorothy Hill, NP",Individual,Urology,28-5513429,9703 Pine Rd,Apt 531,Charlotte,NC,28231,(966) 414-7520,True,In-Network,Hindi,3.0,2016-12-01
PRV-8134F6E0,1817932302,"Matthew Morales, MD",Individual,General Surgery,34-5351203,4824 River Rd,,Indianapolis,IN,46233,(618) 651-2789,True,In-Network,Spanish; Arabic,3.2,2016-06-01
PRV-D9EE5C86,1138069847,San Diego Medical Center,Facility,Surgery Center,70-6654424,8049 Walnut Blvd,,San Diego,CA,92110,(818) 639-6514,True,In-Network,Vietnamese; French,4.3,2021-10-01
PRV-2887963E,1843579786,Memorial Pharmacy,Facility,Pharmacy,94-4153025,5510 Walnut Blvd,Apt 4,Columbus,OH,43227,(203) 853-6278,False,In-Network,French,4.4,2018-10-01
PRV-747D0088,1289802714,"Nicole Harris, PA",Individual,Pathology,96-8831655,1433 Jefferson Dr,,Raleigh,NC,27659,(372) 656-2895,True,In-Network,Vietnamese,3.3,2016-02-01
PRV-7AA75EB7,1128715399,"Christine Stewart, PA",Individual,Family Medicine,18-6758373,2725 Washington Ave,,Miami,FL,33138,(586) 934-7252,True,In-Network,Vietnamese; Tagalog,3.5,2019-02-01
PRV-407E0D16,1690409836,Baptist Imaging Center,Facility,Imaging Center,64-6362719,9802 Sycamore Ave,Suite 218,Jacksonville,FL,32257,(989) 573-3069,True,In-Network,Spanish,3.8,2023-08-01
PRV-51A0EEDF,1548149737,"Karen Jones, NP",Individual,Pharmacy,47-7320122,3686 Highland Ave,,Austin,TX,78786,(260) 541-3501,True,In-Network,Vietnamese; English; Arabic,4.6,2022-12-01
PRV-BCCB2336,1443861259,"Stephanie Martinez, NP",Individual,Dermatology,16-6101515,453 Park Ave,Apt 346,Tampa,FL,33654,(668) 870-3681,True,In-Network,Korean; Mandarin,3.4,2018-12-01
PRV-AE4A2A25,1157201859,"Debra Perez, MD",Individual,Allergy & Immunology,65-3492562,9531 Walnut Blvd,,Columbus,OH,43258,(842) 939-7619,True,In-Network,Hindi; Korean,4.4,2017-11-01
PRV-72845F84,1111783099,"Melissa Johnson, MD",Individual,ENT,83-9044647,1568 Valley Way,Apt 886,Boston,MA,02145,(480) 910-2549,True,In-Network,Arabic; Korean,4.1,2016-06-01
PRV-B9CAA7D9,1871898131,Detroit Wellness Center,Facility,Lab,33-4018851,3129 Park Ave,,Detroit,MI,48260,(205) 768-8327,True,In-Network,Vietnamese,4.3,2016-09-01
PRV-1BE868B0,1408487297,"Jason Smith, MD",Individual,Internal Medicine,98-6250195,1486 Cherry Ct,,Boston,MA,02179,(735) 560-9818,True,In-Network,English; Vietnamese; Tagalog,3.4,2019-04-01
PRV-9FB752E3,1626714628,"Stephen Allen, MD",Individual,Radiology,36-2183767,3639 Jefferson Dr,Suite 231,Atlanta,GA,30364,(844) 950-5413,True,In-Network,French,4.1,2023-10-01
PRV-B0E0C111,1186151554,Good Samaritan Urgent Care,Facility,Urgent Care,28-4787716,7204 Madison Ln,,Phoenix,AZ,85019,(480) 210-2604,True,Out-of-Network,Spanish; Tagalog,3.4,2019-10-01
PRV-8B31FA0D,1256258896,"Nicole Gonzalez, MD",Individual,Cardiology,71-3140306,8766 Jefferson Dr,,Seattle,WA,98180,(465) 209-9414,True,In-Network,Arabic,4.1,2019-01-01
PRV-E6C644BE,1446834146,"Ruth Reyes, NP",Individual,Rheumatology,50-2512308,4181 Lake Dr,,Minneapolis,MN,55466,(849) 281-2256,True,Out-of-Network,English,3.2,2019-09-01
PRV-8A969CA7,1160930685,"Angela Morgan, PA",Individual,Family Medicine,41-9860239,7046 Meadow Ln,,Detroit,MI,48271,(900) 823-1693,True,Out-of-Network,Tagalog; Vietnamese; Spanish,3.2,2017-09-01
PRV-42ECE637,1474430963,"Nathan Thomas, MD",Individual,Ophthalmology,49-9649141,8218 Madison Ln,,Los Angeles,CA,90053,(236) 674-8999,False,In-Network,French; Korean,3.7,2015-06-01
PRV-57734201,1617024376,"Eric Rogers, MD",Individual,Urology,57-6021168,5908 Main St,Apt 104,Philadelphia,PA,19135,(573) 638-3984,True,In-Network,Hindi; Mandarin,3.3,2021-01-01
PRV-76226E76,1237416787,"Catherine Nelson, MD",Individual,Gastroenterology,97-3137987,1913 Sycamore Ave,,Miami,FL,33160,(532) 969-7551,True,Out-of-Network,Mandarin; Spanish,4.9,2015-03-01
PRV-3DC2EDD3,1674471639,Denver Medical Center,Facility,Hospital,29-9577181,3974 Cedar Ln,,Denver,CO,80264,(391) 455-5606,True,In-Network,Vietnamese; Arabic; Spanish,3.9,2016-12-01
PRV-4BE18C90,1609310668,"Andrew Harris, MD",Individual,Dermatology,49-4882711,3191 Ash Pl,,Atlanta,GA,30361,(427) 544-7980,True,In-Network,English; Korean; Tagalog,3.5,2019-06-01
PRV-96489079,1491624755,"Margaret Torres, DO",Individual,Endocrinology,48-2871139,879 Willow Dr,,San Diego,CA,92194,(299) 885-1223,True,In-Network,French,3.7,2020-12-01
PRV-342C5AAB,1910933711,"Elizabeth Wilson, MD",Individual,Pathology,79-6752873,6188 Magnolia Blvd,,Denver,CO,80284,(508) 942-8769,True,In-Network,Mandarin; English; Spanish,3.4,2023-12-01
PRV-A0209269,1802942409,"Jacob Turner, NP",Individual,Radiology,17-4190874,5790 Franklin St,,Boston,MA,02165,(958) 607-9110,True,In-Network,Mandarin,3.9,2023-07-01
PRV-C17C6ACA,1788443448,"Justin Johnson, NP",Individual,Urology,25-3870734,4548 Hickory Ln,,Charlotte,NC,28283,(429) 246-9741,True,In-Network,Korean,4.9,2019-01-01
PRV-8D681B3A,1842694500,"Michelle Hernandez, PA",Individual,Pharmacy,55-4678901,3540 Cherry Ct,,San Diego,CA,92190,(948) 486-3895,True,In-Network,Spanish; Arabic; French,3.5,2024-09-01
PRV-664B578B,1527172722,Methodist Clinic,Facility,Clinic,34-9229532,5412 Laurel Way,Apt 209,San Francisco,CA,94129,(946) 384-5621,False,In-Network,Arabic,4.4,2018-02-01
PRV-982F670D,1916601002,Indianapolis Medical Center,Facility,Clinic,41-2402500,7555 Park Ave,Suite 841,Indianapolis,IN,46227,(474) 346-1221,True,In-Network,Tagalog,4.5,2020-12-01
PRV-A26349A2,1084810018,University Surgery Center,Facility,Surgery Center,47-2720773,9321 Hill St,,Phoenix,AZ,85052,(723) 625-3323,False,In-Network,Arabic,3.8,2020-11-01
PRV-A7A056FF,1515109226,"Amanda Martinez, NP",Individual,Urology,77-6617751,1941 Highland Ave,,Tampa,FL,33623,(814) 385-7967,True,In-Network,Korean; French,4.8,2019-08-01
PRV-6BC56900,1711964215,"Timothy Edwards, PA",Individual,Occupational Therapy,26-4051311,1351 Main St,,Dallas,TX,75250,(985) 594-6777,True,In-Network,Arabic; French; Spanish,4.6,2018-07-01
PRV-79426211,1931350305,"Justin Turner, NP",Individual,Radiology,81-8951164,8845 Highland Ave,,Seattle,WA,98159,(336) 312-1976,True,In-Network,Korean,3.9,2023-07-01
PRV-3BEF18C7,1501917920,San Diego Health Partners,Facility,Hospital,28-7127781,2357 Cherry Ct,,San Diego,CA,92158,(344) 280-5014,False,In-Network,Mandarin; Tagalog,3.9,2017-12-01
PRV-F474E264,1092820667,"Christopher Davis, PA",Individual,Psychiatry,80-5329433,6842 Lincoln Blvd,,Austin,TX,78746,(785) 713-6014,True,In-Network,Korean,4.9,2023-07-01
PRV-E1A7A835,1775662056,"Jose Martinez, PA",Individual,Allergy & Immunology,34-5528498,3571 Park Ave,,Phoenix,AZ,85060,(311) 306-2274,True,In-Network,English; Vietnamese,3.6,2023-02-01
PRV-A3132357,1909700514,Mercy Hospital,Facility,Hospital,11-6983579,5164 Sycamore Ave,,Atlanta,GA,30340,(969) 489-7523,True,In-Network,French; Mandarin,4.4,2016-06-01
PRV-474D4ABA,1227113322,"Kathleen Jones, MD",Individual,Emergency Medicine,74-9662089,1754 Meadow Ln,,Raleigh,NC,27613,(946) 823-9573,True,In-Network,French,3.6,2024-07-01
PRV-ECFD6042,1710248171,Miami Medical Practice,Facility,Pharmacy,68-6263326,6450 Magnolia Blvd,Suite 725,Miami,FL,33119,(373) 502-3645,False,In-Network,Spanish; Tagalog,3.4,2022-05-01
PRV-DE727CD4,1692758955,"George Torres, DO",Individual,Physical Therapy,20-7932248,7342 Birch Way,Suite 226,Dallas,TX,75272,(718) 660-5306,True,Out-of-Network,English,4.5,2018-12-01
PRV-3D31E365,1157787112,"Mark Roberts, DO",Individual,Orthopedics,23-7659629,1825 Dogwood Ct,Suite 262,New York,NY,10061,(986) 643-4268,True,In-Network,Hindi; Vietnamese,4.4,2022-02-01
PRV-D88A445B,1567303064,"Scott Carter, MD",Individual,Radiology,42-3954562,2651 Sunset Blvd,,Los Angeles,CA,90050,(285) 345-2134,True,In-Network,Hindi; Arabic; Korean,3.4,2019-03-01
PRV-1DD2C3AC,1265960893,"Kathleen Morgan, PA",Individual,Ophthalmology,19-3426274,5703 Juniper Pl,,Chicago,IL,60663,(531) 880-6185,False,In-Network,Hindi,4.7,2016-11-01
PRV-B79C848B,1336829635,"Samantha Gonzalez, MD",Individual,Allergy & Immunology,36-4207115,160 Hill St,,Denver,CO,80291,(895) 790-1235,True,In-Network,Korean; Spanish,4.4,2022-07-01
PRV-A987BD47,1289286646,"Ryan Diaz, MD",Individual,Pharmacy,91-5752118,8987 River Rd,,Columbus,OH,43224,(918) 835-2625,True,In-Network,Spanish,4.3,2024-07-01
PRV-08FDEB2C,1633786137,Raleigh Healthcare,Facility,Pharmacy,25-6882321,9024 Walnut Blvd,Suite 554,Raleigh,NC,27684,(675) 622-7484,False,In-Network,Tagalog,3.6,2019-05-01
PRV-B123A0FC,1955296386,"Christopher Mitchell, NP",Individual,Ophthalmology,34-7598776,4057 Main St,,Detroit,MI,48211,(252) 791-8030,False,In-Network,Mandarin; Arabic; Tagalog,4.0,2021-04-01
PRV-6B8BF087,1253110609,Detroit Wellness Center,Facility,Clinic,29-1466714,8361 Cherry Ct,Apt 647,Detroit,MI,48290,(832) 924-9907,True,In-Network,English; Mandarin,5.0,2020-03-01
PRV-79CBA43D,1120911791,San Diego Healthcare,Facility,Urgent Care,23-3379602,3275 Magnolia Blvd,Apt 744,San Diego,CA,92143,(489) 468-3959,False,In-Network,Vietnamese; Arabic,3.2,2015-07-01
PRV-B564A08D,1299015579,St. Marys Hospital,Facility,Hospital,86-1084130,3545 Lake Dr,Apt 385,Minneapolis,MN,55430,(362) 734-5169,True,In-Network,Tagalog,3.0,2023-03-01
PRV-612AD067,1447315847,Columbus Clinic,Facility,Hospital,73-8315906,3654 Oak Ave,,Columbus,OH,43220,(724) 609-4163,True,In-Network,Korean; Arabic; English,4.2,2024-05-01
PRV-4E5AE5AF,1919663955,San Antonio Medical Associates,Facility,Imaging Center,90-2078208,8092 River Rd,Apt 905,San Antonio,TX,78286,(660) 371-1553,True,In-Network,Korean; French,3.8,2016-03-01
PRV-1DE61D30,1105053795,"Melissa Jackson, MD",Individual,Occupational Therapy,39-2111241,3146 Jefferson Dr,,Indianapolis,IN,46294,(594) 490-4476,True,In-Network,Spanish; Arabic,4.4,2021-06-01
PRV-DEE40D58,1959639040,"Joseph Edwards, MD",Individual,Gastroenterology,92-1077963,913 Highland Ave,,San Antonio,TX,78263,(672) 491-3147,True,In-Network,Tagalog; English; Mandarin,4.3,2016-08-01
PRV-AE3E4263,1790647715,Baptist Surgery Center,Facility,Surgery Center,89-2723751,5031 Laurel Way,,Detroit,MI,48261,(229) 429-1783,True,In-Network,Arabic; Vietnamese,3.3,2018-12-01
PRV-4155C33A,1145964229,"Joseph Miller, MD",Individual,Pharmacy,68-3011612,8907 Main St,,Columbus,OH,43243,(329) 526-3424,True,In-Network,Hindi; Spanish,4.0,2018-10-01
PRV-DC0EB72A,1311703037,"Brian Young, PA",Individual,Oncology,59-4152731,5374 Sunset Blvd,,Seattle,WA,98147,(699) 307-6577,True,In-Network,Tagalog; French; Arabic,4.9,2022-11-01
PRV-14E5E561,1363146249,Denver Wellness Center,Facility,Hospital,92-2712355,2230 Poplar St,Apt 939,Denver,CO,80267,(350) 672-2755,True,In-Network,Mandarin; Korean,3.1,2023-08-01
PRV-57F6FD1E,1745106634,"Angela Nelson, MD",Individual,Radiology,34-7756052,1477 Jefferson Dr,,Houston,TX,77060,(380) 808-5520,True,In-Network,Spanish; English,4.3,2016-04-01
PRV-61A55A77,1666134732,Mercy Lab,Facility,Lab,36-6832315,4461 Magnolia Blvd,,Los Angeles,CA,90045,(852) 494-5718,True,In-Network,Hindi; Korean; Arabic,4.8,2018-03-01
PRV-B74AB193,1241209579,"Sharon Nelson, MD",Individual,Dermatology,10-9192437,3169 Lincoln Blvd,,Chicago,IL,60611,(453) 683-2792,False,In-Network,Korean; Vietnamese; Tagalog,4.0,2017-02-01
PRV-EA67EFF8,1457054589,Presbyterian Imaging Center,Facility,Imaging Center,71-2891816,5599 Hill St,,Detroit,MI,48279,(476) 902-9508,True,In-Network,Vietnamese; Mandarin,3.7,2015-04-01
